scenario_id,category,prompt,expected_domains,predicted_domain,domain_match,expected_action,acceptable_actions,selected_action,primary_action_match,acceptable_action_match,consensus_score,rar_triggered,rar_accepted,utility,performance_score,cost_efficiency_score,risk_reduction_score,xi
pm001,cross_domain_release_governance,"The latest release failed, users are seeing high latency, and security flagged a policy violation. What should we do?","[""DevOps"", ""SRE"", ""DevSecOps""]",DevOps,True,Patch or block release,"[""Patch or block release"", ""Rollback to stable deployment"", ""Mitigate and monitor"", ""Scale adjustment""]",Rollback to stable deployment,False,True,0.5,True,False,0.955,0.975,0.65,0.8,0.792
pm002,cost_governance,Our cloud costs increased significantly after autoscaling changes. Can you analyze and recommend what we should do?,"[""FinOps""]",SRE,False,Scale adjustment,"[""Scale adjustment""]",Mitigate and monitor,False,False,0.5900000000000001,True,False,0.614,0.475,0.68,0.4,0.84
pm003,security_compliance_governance,Security scanning detected policy violations and critical vulnerabilities in the current release. Should we proceed with deployment?,"[""DevSecOps""]",DevOps,False,Patch or block release,"[""Patch or block release""]",Block release and fix pipeline,True,True,0.8,False,False,0.985,0.7,0.75,0.9,0.816
pm004,reliability_operations,Users are reporting very slow response times and repeated timeouts across services. Please evaluate the situation.,"[""SRE""]",SRE,True,Mitigate and monitor,"[""Mitigate and monitor"", ""Scale adjustment""]",Scale adjustment,False,True,0.92,False,False,0.8671,0.704,0.54,0.545,0.8
pm005,release_governance,The latest deployment failed and services are restarting repeatedly. The pipeline also reported configuration drift. What action should we take?,"[""DevOps""]",DevOps,True,Rollback to stable deployment,"[""Rollback to stable deployment"", ""Block release and fix pipeline""]",Block release and fix pipeline,False,True,0.92,False,False,0.925,0.7,0.75,0.7,0.771
pm006,release_governance,"URGENT: Production is unstable after the latest deployment, and multiple services are failing. What is the recommended governance action?","[""DevOps"", ""SRE""]",DevOps,True,Rollback to stable deployment,"[""Rollback to stable deployment"", ""Block release and fix pipeline"", ""Mitigate and monitor"", ""Scale adjustment""]",Rollback to stable deployment,True,True,0.77,False,False,1.025,0.975,0.65,0.7,0.816
pm007,cross_domain_release_governance,"The release pipeline passed successfully, but security reported policy violations and IAM drift. Should we continue rollout?","[""DevOps"", ""DevSecOps""]",DevOps,True,Patch or block release,"[""Patch or block release"", ""Rollback to stable deployment""]",Block release and fix pipeline,True,True,0.8,False,False,0.985,0.7,0.75,0.9,0.816
pm008,cross_domain_cost_reliability,"Performance improved after scaling changes, but infrastructure costs nearly doubled. Should we keep the current setup?","[""SRE"", ""FinOps""]",SRE,True,Scale adjustment,"[""Scale adjustment"", ""Mitigate and monitor""]",Scale adjustment,True,True,0.89,False,False,0.8679,0.689,0.6,0.5075,0.84
pm009,pm_prioritization_escalation,The release keeps failing validation checks and our sprint commitment is now at risk. What should I prioritize and escalate?,"[""DevOps""]",DevOps,True,Rollback to stable deployment,"[""Rollback to stable deployment"", ""Block release and fix pipeline""]",Rollback to stable deployment,True,True,0.8600000000000001,False,False,0.9718,0.855,0.65,0.6825,0.837
pm010,reliability_operations,Error rates increased after a recent configuration change and customers are affected. What is the recommended next step?,"[""SRE"", ""DevOps""]",DevOps,True,Mitigate and monitor,"[""Mitigate and monitor"", ""Rollback to stable deployment"", ""Block release and fix pipeline"", ""Scale adjustment""]",Rollback to stable deployment,False,True,0.8,False,False,1.0117,0.955,0.65,0.6825,0.816
pm011,cost_governance,"Cloud spending is rising week over week, but I do not see a corresponding product benefit. What should we do?","[""FinOps""]",FinOps,True,Scale adjustment,"[""Scale adjustment""]",Review scaling policy,True,True,0.62,True,False,0.7306,0.3325,0.7575,0.401,0.8091
pm012,cross_domain_release_governance,"Security recommends blocking the release due to policy violations, but engineering says the build is stable. What is the governance recommendation?","[""DevSecOps"", ""DevOps""]",DevOps,True,Patch or block release,"[""Patch or block release"", ""Rollback to stable deployment""]",Block release and fix pipeline,True,True,0.8,False,False,0.985,0.7,0.75,0.9,0.816
pm013,reliability_operations,"Latency and error rates are increasing, and I am concerned we will breach our service commitments. What should we do?","[""SRE""]",SRE,True,Mitigate and monitor,"[""Mitigate and monitor"", ""Scale adjustment""]",Scale adjustment,False,True,0.92,False,False,0.8671,0.704,0.54,0.545,0.8
pm014,cost_governance,"After increasing autoscaling capacity, our cloud bill spiked unexpectedly. Should we revise scaling settings?","[""FinOps""]",SRE,False,Scale adjustment,"[""Scale adjustment""]",Mitigate and monitor,False,False,0.5900000000000001,True,False,0.614,0.475,0.68,0.4,0.84
pm015,security_compliance_governance,A critical vulnerability was found in the release candidate just before deployment. Should we move forward or stop?,"[""DevSecOps""]",DevOps,False,Patch or block release,"[""Patch or block release""]",Block release and fix pipeline,True,True,0.8,False,False,0.985,0.7,0.75,0.9,0.816
pm016,release_governance,Services are showing repeated restart loops after the latest release. What is the recommended action?,"[""DevOps""]",DevOps,True,Rollback to stable deployment,"[""Rollback to stable deployment"", ""Block release and fix pipeline""]",Block release and fix pipeline,False,True,0.92,False,False,0.925,0.7,0.75,0.7,0.771
pm017,cross_domain_general_investigation,"Something feels off across the platform after the latest release. Performance seems worse, costs look higher, and teams are concerned. Please assess the situation.","[""DevOps"", ""SRE"", ""FinOps"", ""DevSecOps""]",DevOps,True,Mitigate and monitor,"[""Mitigate and monitor"", ""Patch or block release"", ""Rollback to stable deployment"", ""Scale adjustment""]",Rollback to stable deployment,False,True,0.47,True,False,0.9193,0.9175,0.65,0.7575,0.84
pm018,security_compliance_governance,"We are preparing to go live, but compliance checks identified policy issues. What is the governance recommendation?","[""DevSecOps""]",DevOps,False,Patch or block release,"[""Patch or block release""]",Rollback to stable deployment,False,False,0.74,False,False,0.915,0.875,0.65,0.8,0.8211
pm019,reliability_operations,"We are entering a launch window, but latency is rising and users are experiencing slow responses. What should we prioritize?","[""SRE""]",SRE,True,Mitigate and monitor,"[""Mitigate and monitor"", ""Scale adjustment""]",Scale adjustment,False,True,0.92,False,False,0.8671,0.704,0.54,0.545,0.8
pm020,release_governance,The build pipeline has been unstable for the last two release attempts. Should we hold the release?,"[""DevOps""]",DevOps,True,Rollback to stable deployment,"[""Rollback to stable deployment"", ""Block release and fix pipeline""]",Rollback to stable deployment,True,True,0.8600000000000001,False,False,0.9718,0.855,0.65,0.6825,0.837
pm021,cross_domain_release_governance,"The release candidate passed deployment checks, but security found policy violations and performance testing shows rising latency. Should we proceed?","[""DevSecOps"", ""SRE"", ""DevOps""]",DevOps,True,Patch or block release,"[""Patch or block release"", ""Rollback to stable deployment"", ""Mitigate and monitor"", ""Scale adjustment""]",Rollback to stable deployment,False,True,0.5,True,False,0.955,0.975,0.65,0.8,0.8074
pm022,pm_prioritization_escalation,"We have deployment instability, rising latency, and increasing cloud costs. Which issue should the team prioritize first?","[""DevOps"", ""SRE"", ""FinOps""]",DevOps,True,Mitigate and monitor,"[""Mitigate and monitor"", ""Rollback to stable deployment"", ""Block release and fix pipeline"", ""Scale adjustment""]",Rollback to stable deployment,False,True,0.77,False,False,0.9968,0.9175,0.65,0.6825,0.84
pm023,pm_prioritization_escalation,"We are seeing delivery delays, production performance concerns, and security objections before release. What should I escalate to leadership?","[""DevOps"", ""SRE"", ""DevSecOps""]",DevOps,True,Patch or block release,"[""Patch or block release"", ""Rollback to stable deployment"", ""Mitigate and monitor"", ""Scale adjustment""]",Rollback to stable deployment,False,True,0.47,True,False,0.955,0.975,0.65,0.8,0.8074
pm024,release_governance,Can this release safely go out today given the recent failed deployment checks and operational concerns?,"[""DevOps"", ""SRE""]",DevOps,True,Rollback to stable deployment,"[""Rollback to stable deployment"", ""Block release and fix pipeline"", ""Mitigate and monitor"", ""Scale adjustment""]",Rollback to stable deployment,True,True,0.8,False,False,1.025,0.975,0.65,0.7,0.7956
pm025,cross_domain_cost_reliability,"Autoscaling has improved performance, but our monthly cloud costs are much higher. Is this still worth it?","[""FinOps"", ""SRE""]",SRE,True,Scale adjustment,"[""Scale adjustment"", ""Mitigate and monitor""]",Scale adjustment,True,True,0.89,False,False,0.8679,0.689,0.6,0.5075,0.84
pm026,security_compliance_governance,A runtime security issue was detected after deployment and policy violations are being reported. What should we do now?,"[""DevSecOps""]",DevOps,False,Patch or block release,"[""Patch or block release""]",Block release and fix pipeline,True,True,0.8,False,False,0.985,0.7,0.75,0.9,0.816
pm027,release_governance,"The deployment is progressing, but restart loops and instability have been observed in some services. Are we safe to continue rollout?","[""DevOps""]",DevOps,True,Rollback to stable deployment,"[""Rollback to stable deployment"", ""Block release and fix pipeline""]",Block release and fix pipeline,False,True,0.92,False,False,0.925,0.7,0.75,0.7,0.771
pm028,cost_governance,"We are under budget pressure, and recent scaling changes increased infrastructure costs. What action should we take?","[""FinOps""]",FinOps,True,Scale adjustment,"[""Scale adjustment""]",Scale adjustment,True,True,0.89,False,False,0.9523,0.692,0.74,0.445,0.8095
pm029,cross_domain_release_governance,"Customers are being affected after the latest release, and security concerns are also open. Should we continue or reverse course?","[""SRE"", ""DevSecOps"", ""DevOps""]",DevOps,True,Patch or block release,"[""Patch or block release"", ""Rollback to stable deployment"", ""Mitigate and monitor"", ""Scale adjustment""]",Rollback to stable deployment,False,True,0.47,True,False,0.955,0.975,0.65,0.8,0.8074
pm030,pm_prioritization_escalation,"Given current deployment, reliability, cost, and security issues, what should the team do in the next 24 hours?","[""DevOps"", ""SRE"", ""FinOps"", ""DevSecOps""]",DevOps,True,Mitigate and monitor,"[""Mitigate and monitor"", ""Patch or block release"", ""Rollback to stable deployment"", ""Scale adjustment""]",Rollback to stable deployment,False,True,0.74,False,False,0.8942,0.855,0.65,0.7575,0.84
pm031,security_compliance_governance,"Compliance controls have flagged issues with the release, and security recommends holding deployment. What is the decision?","[""DevSecOps""]",DevOps,False,Patch or block release,"[""Patch or block release""]",Rollback to stable deployment,False,False,0.74,False,False,0.915,0.875,0.65,0.8,0.8211
pm032,cost_governance,"As traffic has grown, our infrastructure costs have risen sharply. Should we revise our scaling strategy?","[""FinOps"", ""SRE""]",SRE,True,Scale adjustment,"[""Scale adjustment"", ""Mitigate and monitor""]",Scale adjustment,True,True,0.89,False,False,0.8679,0.689,0.6,0.5075,0.84
pm033,reliability_operations,"During peak customer hours, we are seeing repeated timeouts and service degradation. What should we do?","[""SRE""]",SRE,True,Mitigate and monitor,"[""Mitigate and monitor"", ""Scale adjustment""]",Scale adjustment,False,True,0.92,False,False,0.8671,0.704,0.54,0.545,0.8
pm034,cross_domain_cost_reliability,"The build is stable, but latency is trending upward and costs are increasing. What governance action do you recommend?","[""SRE"", ""FinOps""]",SRE,True,Scale adjustment,"[""Scale adjustment"", ""Mitigate and monitor""]",Scale adjustment,True,True,0.89,False,False,0.8679,0.689,0.6,0.5075,0.84
pm035,security_compliance_governance,Engineering is requesting a temporary security exception to meet the release deadline. Should we allow it?,"[""DevSecOps"", ""DevOps""]",DevOps,True,Patch or block release,"[""Patch or block release"", ""Rollback to stable deployment""]",Rollback to stable deployment,False,True,0.74,False,False,0.915,0.875,0.65,0.8,0.8211
pm036,pm_prioritization_escalation,"We have moderate operational concerns, but no major customer complaints yet. Can this issue be deferred safely?","[""SRE"", ""DevOps"", ""FinOps"", ""DevSecOps""]",DevOps,True,No action (observe),"[""No action (observe)"", ""Patch or block release"", ""Rollback to stable deployment"", ""Mitigate and monitor"", ""Scale adjustment""]",Rollback to stable deployment,False,True,0.47,True,False,0.9193,0.9175,0.65,0.7575,0.84
pm037,cross_domain_release_governance,"DevOps says the release is ready, SRE is worried about latency, and security has policy concerns. What is the final recommendation?","[""DevOps"", ""SRE"", ""DevSecOps""]",DevOps,True,Patch or block release,"[""Patch or block release"", ""Rollback to stable deployment"", ""Mitigate and monitor"", ""Scale adjustment""]",Rollback to stable deployment,False,True,0.47,True,False,0.955,0.975,0.65,0.8,0.8074
pm038,pm_prioritization_escalation,Our sprint delivery slipped because of repeated deployment and operational issues. What should I focus on first?,"[""DevOps"", ""SRE""]",DevOps,True,Rollback to stable deployment,"[""Rollback to stable deployment"", ""Block release and fix pipeline"", ""Mitigate and monitor"", ""Scale adjustment""]",Rollback to stable deployment,True,True,0.77,False,False,0.9968,0.9175,0.65,0.6825,0.84
pm039,cost_governance,"After launching the new feature, our operating costs increased sharply. Is this sustainable?","[""FinOps""]",SRE,False,Scale adjustment,"[""Scale adjustment""]",Mitigate and monitor,False,False,0.5900000000000001,True,False,0.614,0.475,0.68,0.4,0.84
pm040,reliability_operations,"We are seeing elevated latency and some errors, but the service is still functioning. Is this an incident or something we can monitor?","[""SRE""]",SRE,True,Mitigate and monitor,"[""Mitigate and monitor"", ""Scale adjustment""]",Scale adjustment,False,True,0.89,False,False,0.8679,0.689,0.6,0.5075,0.84
pm041,release_governance,"We detected deployment drift before an important customer demo. Should we proceed, rollback, or hold?","[""DevOps""]",DevOps,True,Rollback to stable deployment,"[""Rollback to stable deployment"", ""Block release and fix pipeline""]",Block release and fix pipeline,False,True,0.92,False,False,0.925,0.7,0.75,0.7,0.771
pm042,cross_domain_general_investigation,"Security concerns are rising, performance is degrading, and cloud costs are climbing. Please assess the overall situation and recommend the best next step.","[""DevSecOps"", ""SRE"", ""FinOps""]",DevOps,False,Patch or block release,"[""Patch or block release"", ""Mitigate and monitor"", ""Scale adjustment""]",Scale adjustment,False,True,0.5,True,False,1.0031,0.844,0.74,0.545,0.812
pm043,release_governance,"The team wants to continue rollout, but there are warning signs in reliability and deployment stability. Should we pause for review?","[""DevOps"", ""SRE""]",DevOps,True,Rollback to stable deployment,"[""Rollback to stable deployment"", ""Block release and fix pipeline"", ""Mitigate and monitor"", ""Scale adjustment""]",Rollback to stable deployment,True,True,0.77,False,False,0.9968,0.9175,0.65,0.6825,0.84
pm044,cost_governance,"Our infrastructure costs are trending upward, but performance seems stable. Are these costs acceptable or should we optimize?","[""FinOps""]",SRE,False,Scale adjustment,"[""Scale adjustment""]",Mitigate and monitor,False,False,0.5900000000000001,True,False,0.614,0.475,0.68,0.4,0.84
pm045,security_compliance_governance,We have identified compliance issues just before our audit window. What governance action should we take?,"[""DevSecOps""]",DevOps,False,Patch or block release,"[""Patch or block release""]",Block release and fix pipeline,True,True,0.8,False,False,0.985,0.7,0.75,0.9,0.816
pm046,pm_prioritization_escalation,"The release is facing deployment, latency, and security concerns. What is the likely business impact and what should I prioritize?","[""DevOps"", ""SRE"", ""DevSecOps""]",DevOps,True,Patch or block release,"[""Patch or block release"", ""Rollback to stable deployment"", ""Mitigate and monitor"", ""Scale adjustment""]",Rollback to stable deployment,False,True,0.47,True,False,0.9193,0.9175,0.65,0.7575,0.84
pm047,reliability_operations,Performance concerns are present but not yet severe. Can we safely monitor instead of intervening immediately?,"[""SRE""]",SRE,True,No action (observe),"[""No action (observe)"", ""Mitigate and monitor"", ""Scale adjustment""]",Scale adjustment,False,True,0.89,False,False,0.8679,0.689,0.6,0.5075,0.84
pm048,cross_domain_release_governance,"We have a customer-facing release scheduled, but security flagged policy issues and engineering is under deadline pressure. What is the right governance decision?","[""DevSecOps"", ""DevOps""]",DevOps,True,Patch or block release,"[""Patch or block release"", ""Rollback to stable deployment""]",Block release and fix pipeline,True,True,0.8,False,False,0.985,0.7,0.75,0.9,0.816
pm049,cross_domain_cost_reliability,"We improved reliability, but it now costs much more to run the platform. Are we overspending to maintain stability?","[""SRE"", ""FinOps""]",SRE,True,Scale adjustment,"[""Scale adjustment"", ""Mitigate and monitor""]",Scale adjustment,True,True,0.89,False,False,0.8679,0.689,0.6,0.5075,0.84
pm050,pm_prioritization_escalation,"Before today’s standup, I need a governance view of current deployment, reliability, cost, and security issues. What should the team focus on?","[""DevOps"", ""SRE"", ""FinOps"", ""DevSecOps""]",DevOps,True,Mitigate and monitor,"[""Mitigate and monitor"", ""Patch or block release"", ""Rollback to stable deployment"", ""Scale adjustment""]",Rollback to stable deployment,False,True,0.74,False,False,0.8942,0.855,0.65,0.7575,0.84
